Variable,Coefficient,OR,SE,95% CI (OR),P-value,Significant
Intercept,1.36057419640359,3.8984311243901555,0.639027689849019,"(1.114, 13.641)",0.03324335475063157,*
syntax_score,-0.07657564765954102,0.9262828405094393,0.044389337168705335,"(0.849, 1.010)",0.08451106767321674,
