Variable,Comparison,N_pairs,Baseline_mean,Baseline_SD,Followup_mean,Followup_SD,,,,,Mean_change,CI_95_lower,CI_95_upper,,,P_value,,N_gain,N_loss,N_stable,Percent_gain,Percent_loss,Mean_followup_months,
MLD,TLF show,66,1.675909090909090,0.4171698686395020,1.6395454545454500,0.5208437882400560,,,,,-0.03636363636363630,-0.160275384050097,0.0875481113228243,,,0.6240173784708580,,36,29,1,54.54545454545450,43.93939393939390,8.54862023653088,
MLA,TLF show,66,2.3333333333333300,1.1547005383792500,2.3484848484848500,1.2587224810824200,,,,,0.015151515151515200,-0.30023313125659700,0.33053616155962700,,,0.7526565365546640,,20,16,30,30.303030303030300,24.242424242424200,8.54862023653088,
μFR,TLF show,66,87.52,9.064935809176470,89.82,7.000553913944300,,,,,2.3,-0.08416519401432640,4.6841651940143300,,,0.006198353655716080,,30,14,6,60.0,28.000000000000000,8.54862023653088,
MLD,TLF ignore,66,1.675909090909090,0.4171698686395020,1.7718181818181800,0.4550127947175150,,,,,0.09590909090909090,0.010456598980082,0.1813615828381000,,,0.02841287065820860,,42,23,1,63.63636363636360,34.84848484848490,8.54862023653088,
MLA,TLF ignore,66,2.3333333333333300,1.1547005383792500,2.6257741075757600,1.272926229595680,,,,,0.29244077424242400,0.03456990399283480,0.5503116444920140,,,0.024739217074472400,,44,22,0,66.66666666666670,33.33333333333330,8.54862023653088,
μFR,TLF ignore,66,85.43939393939390,10.328643946854100,89.24242424242430,7.708258520395470,,,,,3.803030303030300,1.4576697349028700,6.1483908711577300,,,0.00017550809535172400,,42,17,7,63.63636363636360,25.757575757575800,8.54862023653088,