Variable,Coefficient,SE,95% CI,P-value,Significant
Intercept,48.250000000000014,9.057685502746644,"(28.8232, 67.6768)",0.00010681586121229339,***
used_cutting_balloon,-59.5,18.11537100549328,"(-98.3536, -20.6464)",0.005427065995456787,**
