Variable,Coefficient,SE,95% CI,P-value,Significant
Intercept,-2.3820828667413214,0.6117996917193818,"(-3.6861, -1.0781)",0.0014400028698071104,**
dcb_inflation_max_time,0.04032474804031354,0.008799351086853265,"(0.0216, 0.0591)",0.0003591003504383569,***
