Variable,Coefficient,OR,SE,95% CI (OR),P-value,Significant
Intercept,-3.0880558645628144,0.04559050241341155,1.2852421543712964,"(0.004, 0.566)",0.016274375302644098,*
predilatation_diam_to_vessel,2.516462547516091,12.384708764882774,1.506276921803909,"(0.647, 237.154)",0.09479069800534287,
dcb_diam_to_vessel,0.515136330952504,1.673866686082564,1.6284066702768196,"(0.069, 40.721)",0.7517415799532847,
