Variable,Coefficient,SE,95% CI,P-value,Significant
Intercept,-33.77152870807484,11.87959911622744,"(-57.5788, -9.9643)",0.0062636865560604825,**
dcb_inflation_max_time,0.3486780551921803,0.18099673451918122,"(-0.0140, 0.7114)",0.059224153407243706,
predilatation_diam_to_vessel,0.9458095067267236,6.362381293864089,"(-11.8047, 13.6963)",0.8823683798175108,
dcb_diam_to_vessel,9.958956534100658,7.80825835995775,"(-5.6891, 25.6071)",0.20751491482520118,
