Variable,VIF
used_cutting_balloon,1.657852356515876
predilatation_diam_to_vessel,29.643800423124333
is_female,1.7182813461185298
is_ostial_lesion,2.104601131876272
dcb_max_pressure,7.124763719874563
dcb_diam_to_vessel,33.98732260458657
