Variable,VIF
used_cutting_balloon,2.232725230152015
dcb_inflation_max_time,5.514922610754364
has_hyperlipidemia,4.817848221658513
has_diabetes,2.4139165749522595
syntax_score,7.487451087251855
has_prior_cabg,1.467249439604902
