Variable,VIF
used_cutting_balloon,2.0811380462859286
dcb_inflation_max_time,67.61019721856321
has_hyperlipidemia,3.2619256234339495
has_diabetes,3.0406362184897784
has_prior_cabg,1.2790611360594981
age,79.4135586714566
