analysis,metric,n,value,p_value,r_squared
paired,MLD,66,0.09590909090909093,0.02841287065820864,
paired,MUFR,66,3.5,0.002146951478560374,
time_regression,MLD,66,0.009350890587425111,0.2839133663123161,0.01791958393693216
time_regression,MUFR,66,0.029981929555647144,0.8921887388749943,0.00028923716138562483
