metric,n,mean_post,mean_fup,mean_change,ci_lower,ci_upper,p_value,t_statistic,n_gain,n_loss,pct_gain,mean_followup_months
mld,66,1.675909090909091,1.6395454545454544,-0.03636363636363634,-0.16027538405009703,0.08754811132282433,0.5598460744983319,-0.5860880669084075,36,29,54.54545454545454,7.517023055787839
mufr,66,85.43939393939394,85.5909090909091,0.15151515151515152,-2.975687329697368,3.2787176327276706,0.923212557609615,0.09676273110059073,39,21,59.09090909090909,7.517023055787839
