Variable,Comparison,N_pairs,Baseline_mean,Baseline_SD,Followup_mean,Followup_SD,Mean_change,SD_change,Median_change,IQR_25,IQR_75,CI_95_lower,CI_95_upper,Test_used,Test_statistic,P_value,Cohens_d,N_gain,N_loss,N_stable,Percent_gain,Percent_loss,Mean_followup_months,Clinically_significant
MLD,TLF show,50,1.6822000000000004,0.39866250879455334,1.7754000000000003,0.3966554563098914,0.09320000000000003,0.3048950304479178,0.07500000000000018,-0.07499999999999973,0.28749999999999987,0.006549791090426985,0.1798502089095731,Paired t-test,t = 2.161,0.03557181523477068,0.30567897372115566,32,17,1,64.0,34.0,8.54862023653088,False
MLA,TLF show,50,2.34,1.061573725894817,2.64,1.1911236334671902,0.3,1.0151907431108496,0.0,0.0,1.0,0.01148598307952331,0.5885140169204767,Wilcoxon signed-rank,W = 121.5,0.046392136930684696,0.2955109687867226,19,9,22,38.0,18.0,8.54862023653088,False
μFR,TLF show,50,87.52,9.064935809176466,89.82,7.000553913944297,2.3,8.389132912310316,2.0,-1.0,5.0,-0.08416519401432643,4.6841651940143265,Wilcoxon signed-rank,W = 261.0,0.006198353655716076,0.27416421029936855,30,14,6,60.0,28.000000000000004,8.54862023653088,True
MLD,TLF ignore,50,1.6822000000000004,0.39866250879455334,1.7762,0.39577817947297045,0.09400000000000003,0.30475148791721285,0.07500000000000018,-0.07499999999999973,0.28749999999999987,0.007390585426283222,0.18060941457371682,Paired t-test,t = 2.181,0.03400794744015858,0.3084480428378928,32,17,1,64.0,34.0,8.54862023653088,False
MLA,TLF ignore,50,2.34,1.061573725894817,2.5984065986,1.1008627937244486,0.25840659860000004,0.9388110382572932,0.18449080000000007,-0.30084947500000014,0.6788438249999998,-0.008400546377404006,0.525213743577404,Wilcoxon signed-rank,W = 429.0,0.044136656462682444,0.2752487860386452,33,17,0,66.0,34.0,8.54862023653088,False
μFR,TLF ignore,50,87.52,9.064935809176466,89.96,6.931030491454311,2.44,8.425326251782753,2.0,-1.0,5.75,0.04554877271771751,4.834451227282282,Wilcoxon signed-rank,W = 251.0,0.004320287695993331,0.2896030286641671,30,14,6,60.0,28.000000000000004,8.54862023653088,True
