Variable,Init_pre_mean,Init_post_mean,FUP_post_mean,Mean_followup_months,N_pre,N_post,N_fup_post
MLD,0.9952380952380954,1.6759090909090908,1.7718181818181817,7.51702305578784,21,66,66
MLA,0.95781176021946,2.3333333333333335,2.6257741075757575,7.51702305578784,21,66,66
μFR,52.95,85.43939393939394,89.24242424242425,7.51702305578784,20,66,66
