Metric,N,Slope,Intercept,R2,P_value,SE,Annual_trend,Significant
MLD,66,0.003165178372450595,0.9782622205925472,0.0066334537058674314,0.5156213994542713,0.2816677827411321,0.037982140469407136,No
MUFR,66,0.00677697321680463,0.6308755178990046,0.01085604870472412,0.40509341789606657,0.4704177488380763,0.08132367860165557,No
