Variable,Coefficient,SE,95% CI,P-value,Significant
Intercept,-58.28734177215192,42.00199101176965,"(-148.3727, 31.7980)",0.1869118681761991,
dcb_inflation_max_time,1.343037974683544,0.6012413518279899,"(0.0535, 2.6326)",0.042328077465181364,*
