Variable,Coefficient,OR,SE,95% CI (OR),P-value,Significant
Intercept,-2.430395929647519,0.08800198308970847,2.640694873802112,"(0.000, 15.569)",0.35738347815959914,
dcb_drug,-1.5195410107245553,0.2188122964044062,0.8364320518011868,"(0.042, 1.127)",0.06926399548071527,
age,0.05823170006293732,1.0599605601890432,0.036231766273123835,"(0.987, 1.138)",0.10801046991997847,
