Variable,Coefficient,SE,95% CI,P-value,Significant
Intercept,-0.7357726505859293,0.3629213064602288,"(-1.4625, -0.0090)",0.047310664182435715,*
dcb_inflation_max_time,0.011503959387776833,0.005756711379104647,"(-0.0000, 0.0230)",0.0504563258095978,
