Variable,Coefficient,SE,95% CI,P-value,Significant
Intercept,-33.771528708074726,11.879599116227432,"(-57.5788, -9.9643)",0.006263686556060608,**
dcb_diam_to_vessel,9.95895653410065,7.808258359957764,"(-5.6891, 25.6071)",0.20751491482520226,
dcb_inflation_max_time,0.3486780551921791,0.1809967345191814,"(-0.0140, 0.7114)",0.059224153407244864,
predilatation_diam_to_vessel,0.9458095067267356,6.362381293864093,"(-11.8047, 13.6963)",0.8823683798175094,
