Variable,Coefficient,OR,SE,95% CI (OR),P-value,Significant
Intercept,-3.088055864562814,0.045590502413411574,1.2852421543712946,"(0.004, 0.566)",0.016274375302643963,*
dcb_diam_to_vessel,0.5151363309525024,1.6738666860825613,1.6284066702768207,"(0.069, 40.721)",0.7517415799532856,
predilatation_diam_to_vessel,2.5164625475160918,12.384708764882784,1.506276921803913,"(0.647, 237.154)",0.09479069800534363,
