Variable,Coefficient,OR,SE,95% CI (OR),P-value,Significant
Intercept,1.43947783796407,4.2184925051686655,0.8002083326946942,"(0.879, 20.244)",0.0720378483244725,
dcb_drug,-1.3917832031039585,0.24863154854653224,0.6851360553917273,"(0.065, 0.952)",0.0422147569183371,*
syntax_score,-0.09783259630838165,0.9068006928320826,0.05430278075804566,"(0.815, 1.009)",0.07160631288654686,
