Variable,Coefficient,SE,95% CI,P-value,Significant
Intercept,-1.1731699664031494,0.9515596237509495,"(-3.0794, 0.7330)",0.22276681518740327,
dcb_inflation_max_time,0.025238966227127048,0.014136065754740896,"(-0.0031, 0.0536)",0.07960706852947295,
dcb_drug,-0.49485486006413265,0.29654991584644713,"(-1.0889, 0.0992)",0.1007578155996954,
