Variable,Coefficient,OR,SE,95% CI (OR),P-value,Significant
Intercept,-13.898914582080751,9.199793782678888e-07,7.237816650401165,"(0.000, 1.332)",0.05481765710532439,
age,0.2009667514012946,1.222584121938701,0.09947556602908433,"(1.006, 1.486)",0.04335617087101028,*
