Variable,VIF
dcb_inflation_max_time,3.980794695143465
dcb_drug,3.980794695143465
