Variable,VIF
dcb_inflation_max_time,5.119111910359232
has_diabetes,2.3250839903443263
has_hyperlipidemia,4.769706837299324
has_prior_cabg,1.218767091656303
syntax_score,6.614445064098382
