Variable,VIF
dcb_diam_to_vessel,32.498841038508786
dcb_max_pressure,7.113715165636802
is_female,1.6762615725989425
is_ostial_lesion,2.016896199565585
predilatation_diam_to_vessel,29.54797370435801
