Variable,VIF
dcb_inflation_max_time,66.9577781160409
has_hyperlipidemia,3.2618649034088016
has_prior_cabg,1.1852398776188664
age,78.25090318806107
has_diabetes,2.649668779819529
